BKHN,IS,1/1/13
Condor Networks,GREG,1/1/13
ABC Net,ESB,1/1/13
Misys,IS,1/1/13
Home,GREG,3/9/13
Home,ESB,1/1/13
N/A,IS,1/1/13
LSM,GREG,1/1/13
chfh,ESB,1/1/13
http://www.phoneoutfits.com/,IS,1/1/13
Acc.net,GREG,1/1/13
i++,ESB,1/9/13
i++,IS,1/1/13
i++,GREG,1/20/13
i++,ESB,1/21/13
i++,IS,1/9/13
i++,GREG,1/9/13
huateng,ESB,1/1/13
65765765,IS,1/1/13
Voipss,GREG,1/1/13
ABC,ESB,3/15/14
ABC,IS,9/22/14
ABC,GREG,9/23/14
ABC,ESB,9/22/14
ABC,IS,9/22/14
ABC,GREG,9/22/14
ABC,ESB,1/1/13
65765765,IS,1/1/13
Ima,GREG,1/1/13
Edcolop,ESB,1/1/13
NA,IS,1/1/13
Asas,GREG,1/1/13
vb,ESB,1/1/13
NoComF,IS,1/1/13
NoComF,GREG,1/1/13
Providence,ESB,1/1/13
MyCompany,IS,1/1/13
Ameco,GREG,1/1/13
H9,ESB,5/30/13
H9,IS,5/30/13
H9,GREG,5/30/13
H9,ESB,1/1/13
H9,IS,5/30/13
GT Nexus,GREG,1/1/13
Raghwoo,ESB,1/1/13
NA,IS,1/2/13
Dfsdf,GREG,1/2/13
self,ESB,1/2/13
self,IS,4/24/15
Effectualservices,GREG,1/2/13
none,ESB,7/1/13
none,IS,6/19/13
none,GREG,6/15/13
none,ESB,6/19/13
none,IS,6/26/13
none,GREG,6/15/13
none,ESB,6/15/13
none,IS,1/2/13
none,GREG,7/3/13
none,ESB,11/27/13
none,IS,6/18/13
none,GREG,6/15/13
none,ESB,6/15/13
none,IS,6/19/13
none,GREG,6/19/13
none,ESB,6/18/13
CTS,IS,9/16/14
CTS,GREG,1/2/13
CTS,ESB,9/16/14
CTS,IS,1/2/13
graphic fusion design,GREG,1/2/13
Anna UNI,ESB,1/2/13
1221,IS,1/2/13
FBK,GREG,10/16/13
FBK,ESB,1/2/13
AMD,IS,1/2/13
AMD,GREG,1/2/13
AMD,ESB,1/2/13
Turkgen,IS,1/2/13
R,GREG,1/2/13
R,ESB,1/2/13
R,IS,1/2/13
R,GREG,1/2/13
R,ESB,1/2/13
Unknown,IS,1/2/13
Unknown,GREG,1/2/13
Wipro,ESB,9/14/14
Wipro,IS,9/14/14
Wipro,GREG,1/27/13
Wipro,ESB,9/14/14
Wipro,IS,5/6/14
Wipro,GREG,7/3/14
Wipro,ESB,7/8/14
Wipro,IS,9/14/14
Wipro,GREG,9/14/14
Wipro,ESB,1/29/13
Wipro,IS,9/14/14
Wipro,GREG,7/11/14
Wipro,ESB,1/2/13
D'Ieteren S.A.,IS,1/2/13
D'Ieteren S.A.,GREG,1/4/13
D'Ieteren S.A.,ESB,3/13/13
Maxy,IS,1/2/13
Asdfd,GREG,1/2/13
Asdfd,ESB,6/25/14
Asdfd,IS,6/25/14
Asdfd,GREG,6/24/14
Shencai,ESB,1/2/13
Mahms,IS,1/2/13
Univercity,GREG,1/2/13
CdcSoftware,ESB,1/2/13
Wipro Technologies,IS,1/2/13
Xidian,GREG,1/2/13
Xidian,ESB,1/7/13
Xidian,IS,1/2/13
Gembelz Gadget,GREG,1/2/13
Technica,ESB,1/2/13
IVS Consulting,IS,1/2/13
monster,GREG,1/2/13
monster,ESB,3/24/14
TechMahindra,IS,1/11/13
TechMahindra,GREG,3/13/13
TechMahindra,ESB,1/11/13
TechMahindra,IS,1/2/13
TechMahindra,GREG,3/13/13
TechMahindra,ESB,1/11/13
TechMahindra,IS,3/13/13
Talent Partners,GREG,1/2/13
Front Porch Digital,ESB,1/2/13
NA,IS,1/2/13
Asd1,GREG,1/2/13
CWT,ESB,1/7/13
CWT,IS,1/8/13
CWT,GREG,1/7/13
CWT,ESB,1/23/13
CWT,IS,1/7/13
CWT,GREG,1/2/13
CWT,ESB,1/7/13
CWT,IS,1/27/13
CWT,GREG,1/7/13
CWT,ESB,1/8/13
TRANSFACTION,IS,1/2/13
referentia,GREG,1/2/13
referentia,ESB,6/3/13
referentia,IS,6/7/13
Brightstar Corp.,GREG,1/2/13
Brightstar Corp.,ESB,1/2/13
OfficeDepot,IS,1/2/13